strength_factor,dynamics_slowdown,steps_survived,distance,measured_speed,confidence,cadence_per_1000steps,stride_length_approx,double_support_pct,single_support_pct,n_total_strikes
0.8,1.0,1000,12.830403408384347,0.012830403408384348,ok,21.649484536082472,0.6109715908754451,10.618556701030927,89.38144329896907,21
0.8,1.5,119,1.6232007025423745,0.013640342038171214,low_confidence,11.11111111111111,1.6232007025423745,0.0,94.44444444444444,1
0.8,2.0,75,0.8544827093542423,0.011393102791389897,low_confidence,35.08771929824561,0.42724135467712115,1.7543859649122806,75.43859649122807,2
0.8,2.5,77,0.8138787764701978,0.010569854239872698,low_confidence,17.241379310344826,0.8138787764701978,5.172413793103448,62.06896551724138,1
0.8,3.0,75,0.7828103216530953,0.010437470955374603,low_confidence,17.543859649122805,0.7828103216530953,0.0,66.66666666666666,1
0.8,4.0,149,1.624794148684589,0.010904658716003953,low_confidence,8.403361344537815,1.624794148684589,5.042016806722689,94.9579831932773,1
0.8,5.0,144,1.2928575724414435,0.008978177586398912,low_confidence,8.771929824561402,1.2928575724414435,6.140350877192982,71.9298245614035,1
0.8,7.0,115,1.0176794235177202,0.008849386291458436,low_confidence,11.494252873563218,1.0176794235177202,19.54022988505747,80.45977011494253,1
0.8,10.0,83,1.236470015407665,0.01489722910129717,low_confidence,15.873015873015872,1.236470015407665,3.1746031746031744,53.96825396825397,1
