controller_type,param_value,seed,steps_survived,n_complete_steps,mean_step_duration,std_step_duration,cv_step_duration
motor_noise,0.0,0,116,0,nan,nan,nan
motor_noise,0.0,1,116,0,nan,nan,nan
motor_noise,0.0,2,116,0,nan,nan,nan
motor_noise,0.05,0,86,0,nan,nan,nan
motor_noise,0.05,1,78,0,nan,nan,nan
motor_noise,0.05,2,251,1,100.0,0.0,0.0
motor_noise,0.1,0,108,0,nan,nan,nan
motor_noise,0.1,1,78,0,nan,nan,nan
motor_noise,0.1,2,96,0,nan,nan,nan
motor_noise,0.2,0,102,0,nan,nan,nan
motor_noise,0.2,1,57,0,nan,nan,nan
motor_noise,0.2,2,110,0,nan,nan,nan
motor_noise,0.3,0,113,0,nan,nan,nan
motor_noise,0.3,1,74,0,nan,nan,nan
motor_noise,0.3,2,88,0,nan,nan,nan
motor_noise,0.5,0,85,0,nan,nan,nan
motor_noise,0.5,1,107,0,nan,nan,nan
motor_noise,0.5,2,113,0,nan,nan,nan
motor_noise,0.0,0,116,0.009999999999999998,3.030217723388697e-17,3.0302177233886977e-15
motor_noise,0.0,1,116,0.009999999999999998,3.030217723388697e-17,3.0302177233886977e-15
motor_noise,0.0,2,116,0.009999999999999998,3.030217723388697e-17,3.0302177233886977e-15
motor_noise,0.05,0,86,0.01,2.343746726158982e-17,2.343746726158982e-15
motor_noise,0.05,1,78,0.01,2.1529167554957345e-17,2.1529167554957345e-15
motor_noise,0.05,2,251,0.009999999999999998,1.0537693790780203e-16,1.0537693790780204e-14
motor_noise,0.1,0,108,0.01,2.3526711073344385e-17,2.3526711073344384e-15
motor_noise,0.1,1,78,0.01,2.1529167554957345e-17,2.1529167554957345e-15
motor_noise,0.1,2,96,0.01,2.4675601026851857e-17,2.4675601026851857e-15
motor_noise,0.2,0,102,0.01,2.4128874894142604e-17,2.4128874894142602e-15
motor_noise,0.2,1,57,0.009999999999999998,2.0558224569498538e-17,2.0558224569498542e-15
motor_noise,0.2,2,110,0.01,2.333772051480645e-17,2.333772051480645e-15
motor_noise,0.3,0,113,0.009999999999999998,3.0661226661766574e-17,3.066122666176658e-15
motor_noise,0.3,1,74,0.01,2.2017727206595313e-17,2.2017727206595313e-15
motor_noise,0.3,2,88,0.01,2.320380155292219e-17,2.320380155292219e-15
motor_noise,0.5,0,85,0.01,2.355756183589905e-17,2.355756183589905e-15
motor_noise,0.5,1,107,0.01,2.3623317487678032e-17,2.362331748767803e-15
motor_noise,0.5,2,113,0.009999999999999998,3.0661226661766574e-17,3.066122666176658e-15
