combo_name,mean_stride_dur,double_support_pct,r_stance_pct,l_stance_pct,subject_id,is_real,PC1,PC2
combo_a_ALS_strength_vmax,0.47810810810810817,4.43298969072165,44.53608247422681,55.670103092783506,sim,False,-1.0233242835867504,-1.710116944731483
combo_a_ALS_strength_vmax,0.4095238095238095,5.77319587628866,43.608247422680414,57.319587628865975,sim,False,-0.9012977552431486,-1.8114877437533907
combo_a_ALS_strength_vmax,0.39260869565217393,5.257731958762887,42.16494845360825,55.77319587628866,sim,False,-0.9916203801818446,-1.909521449398891
combo_a_ALS_strength_vmax,0.49243243243243245,7.010309278350515,46.49484536082474,56.28865979381443,sim,False,-0.8745118876172704,-1.5630402407860535
combo_a_ALS_strength_vmax,0.43674418604651166,6.907216494845361,42.577319587628864,58.04123711340207,sim,False,-0.8211759018257233,-1.8842935452780192
combo_a_ALS_strength_vmax,0.395,6.185567010309279,44.74226804123712,55.97938144329897,sim,False,-0.9343365417414323,-1.719224318345972
combo_a_ALS_strength_vmax,0.4211904761904762,7.628865979381444,47.21649484536082,55.05154639175258,sim,False,-0.8979809788269674,-1.518370558812556
combo_a_ALS_strength_vmax,0.3924444444444445,5.670103092783505,43.29896907216495,57.73195876288659,sim,False,-0.891104171030474,-1.8432163402001112
combo_a_ALS_strength_vmax,0.4028888888888889,7.11340206185567,45.876288659793815,56.90721649484536,sim,False,-0.8511984681413524,-1.6403098757696726
combo_a_ALS_strength_vmax,0.4620512820512821,9.690721649484535,44.74226804123712,61.134020618556704,sim,False,-0.5622146645081085,-1.741092089244227
combo_a_ALS_strength_vmax,0.3,12.30366492146597,50.78534031413613,55.75916230366492,sim,False,-0.6526296311693826,-1.2896683122620443
combo_b_stroke_unilateral,0.37642857142857145,8.282208588957054,53.37423312883436,47.54601226993865,sim,False,-1.1575879557697566,-1.0078758180280716
combo_b_stroke_unilateral,0.47857142857142854,6.5015479876160995,51.857585139318886,48.45201238390093,sim,False,-1.2010930576355112,-1.1009582482991787
combo_b_stroke_unilateral,0.44625000000000004,7.346938775510205,46.53061224489796,45.30612244897959,sim,False,-1.3034876909728614,-1.4729698616794535
combo_b_stroke_unilateral,0.48162162162162164,8.041237113402062,50.41237113402062,51.23711340206185,sim,False,-1.0215843982636976,-1.2295805425233797
combo_b_stroke_unilateral,0.405,8.404384896467722,52.49695493300853,47.38124238733252,sim,False,-1.1591872346318028,-1.062486933392769
combo_b_stroke_unilateral,0.44583333333333336,6.913996627318718,56.66104553119731,42.49578414839797,sim,False,-1.4120338783086963,-0.7013295854401069
combo_b_stroke_unilateral,0.265,8.421052631578947,55.78947368421052,42.63157894736842,sim,False,-1.3491788272884395,-0.8172703865629899
combo_c_feedback_delay_noise,0.33067669172932335,1.9750952291225048,84.03765417215502,7.666295739177762,sim,False,-2.980853000249473,1.5935102222235802
combo_c_feedback_delay_noise,0.3863967611336032,2.5446626878563996,82.0553637269543,10.708208704811767,sim,False,-2.8340384149928113,1.4367883915683022
combo_c_feedback_delay_noise,0.4146969696969697,1.965123016531828,81.04661235168054,12.319378543526346,sim,False,-2.7967287845570703,1.3550414222808593
combo_c_feedback_delay_noise,0.42968911917098446,2.531520120279266,77.08900697528519,17.07790992130487,sim,False,-2.587935134087237,1.0251014670774612
combo_c_feedback_delay_noise,0.42301158301158304,2.573482617282638,73.74851656942371,16.281196191189725,sim,False,-2.626506876491166,0.7842539369546238
combo_c_feedback_delay_noise,0.4357511737089202,2.937032986635678,74.03444666204915,17.083641791689132,sim,False,-2.576128879413743,0.8023067647486626
combo_c_feedback_delay_noise,0.4476136363636363,3.35039219150676,74.52852719132461,16.315974527049853,sim,False,-2.5862027317609395,0.8498803070785729
combo_c_feedback_delay_noise,0.4435177865612648,2.125701132664351,76.15342199334705,13.473576319508677,sim,False,-2.753167640593641,0.9924732505175499
combo_c_feedback_delay_noise,0.4206547619047619,2.832773353021155,67.77063233176912,17.091393565120434,sim,False,-2.5965574931594517,0.3359139097310759
combo_c_feedback_delay_noise,0.3815942028985507,2.345110037487748,74.32585615917458,13.350318926081288,sim,False,-2.755801307612183,0.8411261640111748
combo_c_feedback_delay_noise,0.3954255319148936,1.7281226154269302,77.30355070124237,12.41537322382436,sim,False,-2.813837512799112,1.0722255381769974
combo_c_feedback_delay_noise,0.4347953216374269,2.138945556486937,82.19762049847292,10.319502142880408,sim,False,-2.865372036200065,1.4643272724701362
REAL_Huntingtons,1.0568849809885932,26.629429657794677,62.79733840304183,63.83836501901141,hunt6,True,0.400535502356742,-0.2336526991077451
REAL_ALS,1.3158150943396227,28.3797641509434,64.2179716981132,64.32783018867924,als9,True,0.5180367646121012,-0.054869586604015676
REAL_Huntingtons,22.280549369747902,-6.395546218487396,97.81777310924367,61.28071428571428,hunt20,True,0.008496222941301458,8.524235335893664
REAL_Huntingtons,1.0916252941176467,26.296784313725485,62.754313725490206,63.56219607843137,hunt14,True,0.3759049320894723,-0.22467686895196898
REAL_Parkinsons,1.1029256972111554,35.00223107569722,68.1207171314741,66.83155378486056,park13,True,0.9210285979080552,0.15835021038293637
REAL_Healthy,1.1081394422310755,26.39187250996016,63.476294820717136,62.916055776892435,control13,True,0.3569014248462332,-0.16056691110506233
REAL_Huntingtons,1.2328526666666668,31.234222222222225,65.41617777777778,65.82706666666667,hunt2,True,0.7079487201970769,8.981368176478833e-05
REAL_Huntingtons,1.2584397727272727,33.12690909090909,67.26554545454546,65.87527272727273,hunt10,True,0.8026930910099828,0.14650685321677837
REAL_Parkinsons,1.2506164414414416,30.860315315315315,61.70702702702703,69.1464864864865,park4,True,0.8163681936176134,-0.29908383452675846
REAL_Parkinsons,1.1294941295546557,32.410445344129556,67.75615384615384,64.67198380566802,park12,True,0.7155827221871269,0.15481207067912903
REAL_Healthy,1.1412079918032787,26.70311475409836,63.26872950819672,63.34754098360656,control12,True,0.38984806560038926,-0.1696409144925802
REAL_Huntingtons,1.2006612068965516,30.431982758620688,64.60461206896552,65.83543103448275,hunt3,True,0.6677321217407426,-0.0705171103358474
REAL_Huntingtons,1.1629495815899582,38.48330543933054,74.53564853556485,63.962133891213384,hunt11,True,0.9842048858344932,0.6806193555143172
REAL_Parkinsons,1.0578558935361215,35.19593155893536,68.15022813688213,67.07768060836501,park5,True,0.9374771900521712,0.14540851349161793
REAL_Huntingtons,1.204139224137931,33.33573275862069,65.66616379310345,67.72875,hunt7,True,0.8800975137546599,-0.0038776719718420162
REAL_Healthy,1.1119464,30.86328,64.69824,66.17840000000001,control16,True,0.6967978354687502,-0.09199749582213902
REAL_ALS,1.1951359913793105,30.731422413793105,65.93918103448276,64.81314655172413,als8,True,0.6432705256184746,0.0360729906579828
REAL_Parkinsons,1.1340204081632652,33.43861224489795,68.4411836734694,65.01538775510204,park1,True,0.7785411966060529,0.2051498409190676
REAL_Huntingtons,1.13896267281106,48.73857142857143,71.0316129032258,77.34410138248847,hunt15,True,1.9842204175937423,0.3094925515325738
REAL_ALS,2.3046426229508197,37.119180327868854,68.53155737704918,66.6594262295082,als12,True,1.077102597992337,0.5450212663302785
REAL_Healthy,1.1082998,28.03292,65.16207999999999,62.87012,control5,True,0.4345301791378325,-0.0331883801040889
REAL_ALS,1.2961704651162789,33.98558139534884,69.18739534883721,64.86227906976744,als3,True,0.8080483249533059,0.309853239729239
REAL_Huntingtons,1.0839193359375,25.9184765625,63.562070312500005,62.2757421875,hunt8,True,0.3082821513887502,-0.15623546496862875
REAL_Healthy,1.0723602316602316,32.048185328185326,64.44625482625483,67.61073359073359,control1,True,0.806144860629274,-0.1333332914289508
REAL_ALS,1.7501880503144656,64.9537106918239,69.53616352201257,72.92805031446542,als7,True,2.580773591418365,0.44447575371566744
REAL_Huntingtons,1.0302705555555556,31.154074074074067,68.02237037037037,63.143370370370384,hunt9,True,0.5916323175974979,0.1573716393089663
REAL_ALS,1.575361079545455,44.05897727272727,72.92852272727272,71.12056818181819,als6,True,1.546829060602295,0.6262884404803384
REAL_ALS,1.520154918032787,35.80207650273224,67.2951912568306,68.53284153005464,als13,True,1.0467375234087393,0.20523729645597394
REAL_Healthy,1.0408372659176028,25.65434456928839,62.92692883895132,62.724007490636694,control4,True,0.3103332491043056,-0.22017634840028033
REAL_ALS,1.1490834710743802,31.54884297520661,65.22070247933884,66.33640495867769,als2,True,0.7379180110349414,-0.042964547869615614
REAL_Huntingtons,1.1078164682539682,30.978690476190476,63.60698412698412,67.56111111111112,hunt18,True,0.7548937047718267,-0.18610157985408354
REAL_Healthy,1.090717843137255,32.96866666666667,68.6835294117647,64.29298039215686,control3,True,0.7261264142483991,0.2161989048196622
REAL_ALS,1.2917156097560976,73.44043902439024,66.57043902439025,64.8579024390244,als5,True,2.613993871547354,0.17923411705405373
REAL_ALS,1.1337071138211383,34.93459349593496,67.43544715447155,67.49963414634145,als10,True,0.944813392582151,0.11062010388552021
REAL_Healthy,1.0681026923076922,25.7415,63.19207692307692,62.54792307692309,control7,True,0.3093600207937779,-0.19090792603523213
REAL_Parkinsons,1.365654187192118,40.88133004926108,69.57753694581281,71.19610837438424,park8,True,1.3844807316921737,0.31213825632532893
REAL_ALS,1.2985481958762888,36.108711340206185,69.41463917525775,66.6779381443299,als1,True,0.9793482275195812,0.31412209820428016
REAL_ALS,1.2150421397379914,33.403580786026204,66.12034934497815,67.31781659388646,als11,True,0.8683599283781039,0.036656804336076536
REAL_Healthy,1.029694074074074,31.90037037037037,68.65592592592591,63.24974074074074,control6,True,0.6317009529204575,0.20413562058118656
REAL_Parkinsons,1.252422747747748,28.34945945945946,64.64923423423423,63.73256756756757,park9,True,0.4903121031683133,-0.03622315138809453
REAL_Huntingtons,1.146235390946502,36.39181069958848,69.9098353909465,66.55485596707818,hunt19,True,0.9803907142054261,0.3076680092634533
REAL_Healthy,1.1539896265560166,23.090705394190874,61.942240663900414,61.11829875518673,control2,True,0.1316396821528523,-0.24912638602981227
REAL_ALS,2.058668148148148,45.49918518518519,71.34014814814813,74.01644444444446,als4,True,1.7517565570529186,0.6263753489870265
REAL_Parkinsons,1.1790065217391303,45.11656521739131,75.026,70.02421739130436,park11,True,1.5350035900469505,0.6767298191097781
REAL_Healthy,1.0353403345724908,31.494609665427507,64.65925650557621,66.83884758364312,control11,True,0.7481639576376785,-0.1222925834350666
REAL_Huntingtons,1.0797017441860466,31.22267441860465,66.60228682170542,64.68503875968992,hunt12,True,0.656066772398293,0.053161569202248196
REAL_Healthy,1.012266,27.31970909090909,63.981745454545454,63.334763636363625,control9,True,0.4124377282455175,-0.1536754661073214
REAL_Parkinsons,1.0352156133828996,28.53617100371747,64.44226765799257,64.0946468401487,park6,True,0.5012602237838526,-0.1180039834540336
REAL_Parkinsons,1.1728911392405064,36.55877637130802,69.37308016877637,67.20679324894515,park15,True,1.0144408127089104,0.2702047804849389
REAL_Huntingtons,1.0401869402985071,38.77451492537313,74.62865671641791,64.08611940298506,hunt4,True,0.9961845453991602,0.6509132922080554
REAL_Healthy,1.400344191919192,27.675858585858588,63.85686868686869,63.830909090909095,control15,True,0.46937814625754676,-0.05336197947644404
REAL_Parkinsons,1.0053537906137184,26.117472924187727,63.93057761732854,62.18808664259927,park2,True,0.310553978156524,-0.1509228551191993
REAL_Huntingtons,1.478955,36.76531578947368,71.47905263157895,66.11557894736842,hunt16,True,1.0015895693252077,0.5252535902079815
REAL_Parkinsons,1.0068875899280578,30.808057553956832,60.370683453237405,69.01737410071942,park14,True,0.7924088699829087,-0.46776728276867996
REAL_Huntingtons,1.0541893536121671,24.485437262357415,62.91513307984791,61.520228136882125,hunt5,True,0.20886940985595737,-0.20802010264505194
REAL_Healthy,1.1161259036144575,27.283654618473896,63.95,63.35184738955824,control14,True,0.4169882239052463,-0.12585944955343237
REAL_Parkinsons,1.208357391304348,38.37491304347826,71.36317391304347,67.02617391304348,park3,True,1.0973305239816522,0.43185281319434277
REAL_Huntingtons,1.1235016129032256,32.11806451612903,66.48032258064515,65.55181451612903,hunt17,True,0.7341563157245707,0.050497464822048976
REAL_Parkinsons,0.9673038194444444,35.86861111111111,69.47937499999999,66.48604166666667,park10,True,0.9429022305392653,0.22340012666239853
REAL_Healthy,1.0024184115523465,26.51057761732852,63.76259927797833,62.751371841155226,control10,True,0.35072225283769676,-0.16867982325289327
REAL_Huntingtons,0.8999085483870968,22.287129032258065,60.512548387096786,61.80554838709676,hunt1,True,0.10523696038252175,-0.4363911711309422
REAL_Huntingtons,1.6685437125748503,31.443712574850306,66.70239520958083,64.31425149700598,hunt13,True,0.6832673019327935,0.23647401833624127
REAL_Healthy,1.064806896551724,27.92463601532567,63.644865900383145,64.28241379310344,control8,True,0.48038918704214234,-0.17083329854292623
REAL_Parkinsons,1.2258050884955751,34.71898230088495,67.25371681415929,67.02017699115044,park7,True,0.9201328261795533,0.1281904024771962
